,Problem,Level,Day,Solved Giannis,Solved Tasos
0,1614,Easy,0,Yes,No
1,2,Medium,1,Yes,No
2,1,Easy,1,Yes,No
3,7,Easy,1,Yes,No
4,13,Easy,2,Yes,No
5,3,Medium,2,Yes,No
6,9,Easy,2,Yes,No
7,14,Easy,3,Yes,No
8,20,Easy,3,Yes,No
9,5,Medium,3,No,No
10,6,Medium,4,No,No
11,21,Easy,4,Yes,No
12,26,Easy,4,Yes,No
13,28,Easy,5,Yes,No
14,8,Medium,5,Yes,No
15,27,Easy,5,Yes,No
16,12,Medium,6,Yes,No
17,11,Medium,6,No,No
18,4,Hard,6,Yes,No
19,53,Easy,6,No,No
20,38,Easy,6,Yes,No
21,35,Easy,6,Yes,No
22,67,Easy,7,Yes,No
23,16,Medium,7,No,No
24,66,Easy,7,No,No
25,58,Easy,7,No,No
26,10,Hard,7,No,No
27,15,Medium,7,No,No
28,69,Easy,8,No,No
29,83,Easy,8,No,No
30,70,Easy,8,No,No
31,18,Medium,8,No,No
32,17,Medium,8,No,No
33,23,Hard,8,No,No
34,19,Medium,9,No,No
35,22,Medium,9,No,No
36,25,Hard,9,No,No
37,100,Easy,9,No,No
38,101,Easy,9,No,No
39,88,Easy,9,No,No
40,30,Hard,10,No,No
41,104,Easy,10,No,No
42,107,Easy,10,No,No
43,108,Easy,10,No,No
44,24,Medium,10,No,No
45,29,Medium,10,No,No
46,112,Easy,11,No,No
47,110,Easy,11,No,No
48,111,Easy,11,No,No
49,31,Medium,11,No,No
50,32,Hard,11,No,No
51,33,Medium,11,No,No
52,36,Medium,12,No,No
53,34,Medium,12,No,No
54,118,Easy,12,No,No
55,121,Easy,12,No,No
56,119,Easy,12,No,No
57,37,Hard,12,No,No
58,39,Medium,13,No,No
59,41,Hard,13,No,No
60,122,Easy,13,No,No
61,40,Medium,13,No,No
62,125,Easy,13,No,No
63,136,Easy,13,No,No
64,42,Hard,14,No,No
65,141,Easy,14,No,No
66,157,Easy,14,No,No
67,46,Medium,14,No,No
68,43,Medium,14,No,No
69,155,Easy,14,No,No
70,160,Easy,15,No,No
71,47,Medium,15,No,No
72,44,Hard,15,No,No
73,167,Easy,15,No,No
74,168,Easy,15,No,No
75,48,Medium,15,No,No
76,49,Medium,16,No,No
77,50,Medium,16,No,No
78,45,Hard,16,No,No
79,169,Easy,16,No,No
80,170,Easy,16,No,No
81,171,Easy,16,No,No
82,54,Medium,17,No,No
83,172,Easy,17,No,No
84,175,Easy,17,No,No
85,176,Easy,17,No,No
86,51,Hard,17,No,No
87,55,Medium,17,No,No
88,181,Easy,18,No,No
89,56,Medium,18,No,No
90,182,Easy,18,No,No
91,57,Medium,18,No,No
92,183,Easy,18,No,No
93,52,Hard,18,No,No
94,61,Medium,19,No,No
95,59,Medium,19,No,No
96,193,Easy,19,No,No
97,191,Easy,19,No,No
98,60,Hard,19,No,No
99,190,Easy,19,No,No
100,63,Medium,20,No,No
101,65,Hard,20,No,No
102,197,Easy,20,No,No
103,196,Easy,20,No,No
104,195,Easy,20,No,No
105,62,Medium,20,No,No
106,203,Easy,21,No,No
107,202,Easy,21,No,No
108,68,Hard,21,No,No
109,71,Medium,21,No,No
110,64,Medium,21,No,No
111,198,Easy,21,No,No
112,72,Hard,22,No,No
113,74,Medium,22,No,No
114,206,Easy,22,No,No
115,205,Easy,22,No,No
116,73,Medium,22,No,No
117,204,Easy,22,No,No
118,217,Easy,23,No,No
119,225,Easy,23,No,No
120,75,Medium,23,No,No
121,77,Medium,23,No,No
122,219,Easy,23,No,No
123,76,Hard,23,No,No
124,231,Easy,24,No,No
125,84,Hard,24,No,No
126,78,Medium,24,No,No
127,79,Medium,24,No,No
128,226,Easy,24,No,No
129,232,Easy,24,No,No
130,85,Hard,25,No,No
131,80,Medium,25,No,No
132,235,Easy,25,No,No
133,81,Medium,25,No,No
134,237,Easy,25,No,No
135,234,Easy,25,No,No
136,82,Medium,26,No,No
137,87,Hard,26,No,No
138,242,Easy,26,No,No
139,86,Medium,26,No,No
140,243,Easy,26,No,No
141,246,Easy,26,No,No
142,89,Medium,27,No,No
143,90,Medium,27,No,No
144,257,Easy,27,No,No
145,258,Easy,27,No,No
146,252,Easy,27,No,No
147,97,Hard,27,No,No
148,266,Easy,28,No,No
149,92,Medium,28,No,No
150,91,Medium,28,No,No
151,268,Easy,28,No,No
152,263,Easy,28,No,No
153,99,Hard,28,No,No
154,270,Easy,29,No,No
155,94,Medium,29,No,No
156,115,Hard,29,No,No
157,93,Medium,29,No,No
158,276,Easy,29,No,No
159,278,Easy,29,No,No
160,290,Easy,30,No,No
161,283,Easy,30,No,No
162,292,Easy,30,No,No
163,96,Medium,30,No,No
164,95,Medium,30,No,No
165,123,Hard,30,No,No
166,98,Medium,31,No,No
167,124,Hard,31,No,No
168,293,Easy,31,No,No
169,303,Easy,31,No,No
170,326,Easy,31,No,No
171,102,Medium,31,No,No
172,339,Easy,32,No,No
173,342,Easy,32,No,No
174,344,Easy,32,No,No
175,105,Medium,32,No,No
176,103,Medium,32,No,No
177,126,Hard,32,No,No
178,128,Hard,33,No,No
179,106,Medium,33,No,No
180,349,Easy,33,No,No
181,346,Easy,33,No,No
182,345,Easy,33,No,No
183,109,Medium,33,No,No
184,367,Easy,34,No,No
185,359,Easy,34,No,No
186,350,Easy,34,No,No
187,132,Hard,34,No,No
188,113,Medium,34,No,No
189,114,Medium,34,No,No
190,135,Hard,35,No,No
191,117,Medium,35,No,No
192,374,Easy,35,No,No
193,383,Easy,35,No,No
194,116,Medium,35,No,No
195,387,Easy,35,No,No
196,127,Medium,36,No,No
197,140,Hard,36,No,No
198,120,Medium,36,No,No
199,389,Easy,36,No,No
200,401,Easy,36,No,No
201,392,Easy,36,No,No
202,149,Hard,37,No,No
203,404,Easy,37,No,No
204,405,Easy,37,No,No
205,408,Easy,37,No,No
206,130,Medium,37,No,No
207,129,Medium,37,No,No
208,154,Hard,38,No,No
209,133,Medium,38,No,No
210,131,Medium,38,No,No
211,412,Easy,38,No,No
212,414,Easy,38,No,No
213,409,Easy,38,No,No
214,434,Easy,39,No,No
215,137,Medium,39,No,No
216,422,Easy,39,No,No
217,134,Medium,39,No,No
218,158,Hard,39,No,No
219,415,Easy,39,No,No
220,138,Medium,40,No,No
221,448,Easy,40,No,No
222,441,Easy,40,No,No
223,164,Hard,40,No,No
224,447,Easy,40,No,No
225,139,Medium,40,No,No
226,143,Medium,41,No,No
227,174,Hard,41,No,No
228,142,Medium,41,No,No
229,453,Easy,41,No,No
230,455,Easy,41,No,No
231,459,Easy,41,No,No
232,144,Medium,42,No,No
233,476,Easy,42,No,No
234,461,Easy,42,No,No
235,463,Easy,42,No,No
236,185,Hard,42,No,No
237,145,Medium,42,No,No
238,147,Medium,43,No,No
239,188,Hard,43,No,No
240,146,Medium,43,No,No
241,485,Easy,43,No,No
242,482,Easy,43,No,No
243,492,Easy,43,No,No
244,150,Medium,44,No,No
245,148,Medium,44,No,No
246,496,Easy,44,No,No
247,500,Easy,44,No,No
248,501,Easy,44,No,No
249,212,Hard,44,No,No
250,504,Easy,45,No,No
251,151,Medium,45,No,No
252,506,Easy,45,No,No
253,214,Hard,45,No,No
254,152,Medium,45,No,No
255,507,Easy,45,No,No
256,153,Medium,46,No,No
257,156,Medium,46,No,No
258,218,Hard,46,No,No
259,511,Easy,46,No,No
260,509,Easy,46,No,No
261,512,Easy,46,No,No
262,161,Medium,47,No,No
263,521,Easy,47,No,No
264,530,Easy,47,No,No
265,224,Hard,47,No,No
266,159,Medium,47,No,No
267,520,Easy,47,No,No
268,233,Hard,48,No,No
269,163,Medium,48,No,No
270,162,Medium,48,No,No
271,551,Easy,48,No,No
272,543,Easy,48,No,No
273,541,Easy,48,No,No
274,165,Medium,49,No,No
275,559,Easy,49,No,No
276,557,Easy,49,No,No
277,239,Hard,49,No,No
278,561,Easy,49,No,No
279,166,Medium,49,No,No
280,563,Easy,50,No,No
281,566,Easy,50,No,No
282,572,Easy,50,No,No
283,173,Medium,50,No,No
284,177,Medium,50,No,No
285,248,Hard,50,No,No
286,584,Easy,51,No,No
287,178,Medium,51,No,No
288,577,Easy,51,No,No
289,179,Medium,51,No,No
290,575,Easy,51,No,No
291,262,Hard,51,No,No
292,586,Easy,52,No,No
293,589,Easy,52,No,No
294,590,Easy,52,No,No
295,180,Medium,52,No,No
296,184,Medium,52,No,No
297,265,Hard,52,No,No
298,269,Hard,53,No,No
299,187,Medium,53,No,No
300,186,Medium,53,No,No
301,595,Easy,53,No,No
302,596,Easy,53,No,No
303,594,Easy,53,No,No
304,189,Medium,54,No,No
305,192,Medium,54,No,No
306,599,Easy,54,No,No
307,598,Easy,54,No,No
308,597,Easy,54,No,No
309,272,Hard,54,No,No
310,273,Hard,55,No,No
311,604,Easy,55,No,No
312,603,Easy,55,No,No
313,194,Medium,55,No,No
314,605,Easy,55,No,No
315,199,Medium,55,No,No
316,282,Hard,56,No,No
317,201,Medium,56,No,No
318,200,Medium,56,No,No
319,610,Easy,56,No,No
320,607,Easy,56,No,No
321,606,Easy,56,No,No
322,291,Hard,57,No,No
323,617,Easy,57,No,No
324,619,Easy,57,No,No
325,208,Medium,57,No,No
326,613,Easy,57,No,No
327,207,Medium,57,No,No
328,620,Easy,58,No,No
329,627,Easy,58,No,No
330,628,Easy,58,No,No
331,210,Medium,58,No,No
332,209,Medium,58,No,No
333,295,Hard,58,No,No
334,637,Easy,59,No,No
335,643,Easy,59,No,No
336,645,Easy,59,No,No
337,296,Hard,59,No,No
338,213,Medium,59,No,No
339,211,Medium,59,No,No
340,297,Hard,60,No,No
341,216,Medium,60,No,No
342,215,Medium,60,No,No
343,653,Easy,60,No,No
344,657,Easy,60,No,No
345,661,Easy,60,No,No
346,669,Easy,61,No,No
347,221,Medium,61,No,No
348,301,Hard,61,No,No
349,220,Medium,61,No,No
350,671,Easy,61,No,No
351,665,Easy,61,No,No
352,223,Medium,62,No,No
353,674,Easy,62,No,No
354,680,Easy,62,No,No
355,682,Easy,62,No,No
356,302,Hard,62,No,No
357,222,Medium,62,No,No
358,690,Easy,63,No,No
359,693,Easy,63,No,No
360,696,Easy,63,No,No
361,305,Hard,63,No,No
362,227,Medium,63,No,No
363,228,Medium,63,No,No
364,229,Medium,64,No,No
365,230,Medium,64,No,No
366,703,Easy,64,No,No
367,700,Easy,64,No,No
368,697,Easy,64,No,No
369,308,Hard,64,No,No
370,704,Easy,65,No,No
371,312,Hard,65,No,No
372,706,Easy,65,No,No
373,705,Easy,65,No,No
374,238,Medium,65,No,No
375,236,Medium,65,No,No
376,716,Easy,66,No,No
377,709,Easy,66,No,No
378,315,Hard,66,No,No
379,241,Medium,66,No,No
380,240,Medium,66,No,No
381,717,Easy,66,No,No
382,720,Easy,67,No,No
383,728,Easy,67,No,No
384,245,Medium,67,No,No
385,317,Hard,67,No,No
386,244,Medium,67,No,No
387,724,Easy,67,No,No
388,733,Easy,68,No,No
389,744,Easy,68,No,No
390,249,Medium,68,No,No
391,247,Medium,68,No,No
392,321,Hard,68,No,No
393,734,Easy,68,No,No
394,327,Hard,69,No,No
395,251,Medium,69,No,No
396,250,Medium,69,No,No
397,746,Easy,69,No,No
398,747,Easy,69,No,No
399,748,Easy,69,No,No
400,760,Easy,70,No,No
401,758,Easy,70,No,No
402,253,Medium,70,No,No
403,762,Easy,70,No,No
404,254,Medium,70,No,No
405,329,Hard,70,No,No
406,330,Hard,71,No,No
407,256,Medium,71,No,No
408,255,Medium,71,No,No
409,783,Easy,71,No,No
410,771,Easy,71,No,No
411,766,Easy,71,No,No
412,800,Easy,72,No,No
413,260,Medium,72,No,No
414,259,Medium,72,No,No
415,335,Hard,72,No,No
416,788,Easy,72,No,No
417,796,Easy,72,No,No
418,336,Hard,73,No,No
419,261,Medium,73,No,No
420,264,Medium,73,No,No
421,811,Easy,73,No,No
422,806,Easy,73,No,No
423,804,Easy,73,No,No
424,812,Easy,74,No,No
425,340,Hard,74,No,No
426,271,Medium,74,No,No
427,267,Medium,74,No,No
428,821,Easy,74,No,No
429,819,Easy,74,No,No
430,824,Easy,75,No,No
431,275,Medium,75,No,No
432,830,Easy,75,No,No
433,274,Medium,75,No,No
434,832,Easy,75,No,No
435,352,Hard,75,No,No
436,844,Easy,76,No,No
437,277,Medium,76,No,No
438,279,Medium,76,No,No
439,354,Hard,76,No,No
440,852,Easy,76,No,No
441,836,Easy,76,No,No
442,859,Easy,77,No,No
443,358,Hard,77,No,No
444,867,Easy,77,No,No
445,281,Medium,77,No,No
446,860,Easy,77,No,No
447,280,Medium,77,No,No
448,868,Easy,78,No,No
449,874,Easy,78,No,No
450,363,Hard,78,No,No
451,285,Medium,78,No,No
452,284,Medium,78,No,No
453,872,Easy,78,No,No
454,286,Medium,79,No,No
455,287,Medium,79,No,No
456,883,Easy,79,No,No
457,884,Easy,79,No,No
458,876,Easy,79,No,No
459,381,Hard,79,No,No
460,892,Easy,80,No,No
461,288,Medium,80,No,No
462,289,Medium,80,No,No
463,888,Easy,80,No,No
464,893,Easy,80,No,No
465,391,Hard,80,No,No
466,294,Medium,81,No,No
467,897,Easy,81,No,No
468,403,Hard,81,No,No
469,298,Medium,81,No,No
470,905,Easy,81,No,No
471,896,Easy,81,No,No
472,300,Medium,82,No,No
473,299,Medium,82,No,No
474,917,Easy,82,No,No
475,914,Easy,82,No,No
476,908,Easy,82,No,No
477,407,Hard,82,No,No
478,304,Medium,83,No,No
479,929,Easy,83,No,No
480,306,Medium,83,No,No
481,922,Easy,83,No,No
482,410,Hard,83,No,No
483,925,Easy,83,No,No
484,309,Medium,84,No,No
485,938,Easy,84,No,No
486,937,Easy,84,No,No
487,307,Medium,84,No,No
488,411,Hard,84,No,No
489,933,Easy,84,No,No
490,941,Easy,85,No,No
491,310,Medium,85,No,No
492,942,Easy,85,No,No
493,944,Easy,85,No,No
494,311,Medium,85,No,No
495,420,Hard,85,No,No
496,314,Medium,86,No,No
497,961,Easy,86,No,No
498,965,Easy,86,No,No
499,425,Hard,86,No,No
500,953,Easy,86,No,No
501,313,Medium,86,No,No
502,428,Hard,87,No,No
503,970,Easy,87,No,No
504,977,Easy,87,No,No
505,976,Easy,87,No,No
506,318,Medium,87,No,No
507,316,Medium,87,No,No
508,993,Easy,88,No,No
509,989,Easy,88,No,No
510,985,Easy,88,No,No
511,319,Medium,88,No,No
512,320,Medium,88,No,No
513,431,Hard,88,No,No
514,1002,Easy,89,No,No
515,999,Easy,89,No,No
516,997,Easy,89,No,No
517,322,Medium,89,No,No
518,323,Medium,89,No,No
519,432,Hard,89,No,No
520,1010,Easy,90,No,No
521,1009,Easy,90,No,No
522,440,Hard,90,No,No
523,325,Medium,90,No,No
524,324,Medium,90,No,No
525,1005,Easy,90,No,No
526,1018,Easy,91,No,No
527,1013,Easy,91,No,No
528,446,Hard,91,No,No
529,1021,Easy,91,No,No
530,331,Medium,91,No,No
531,328,Medium,91,No,No
532,1025,Easy,92,No,No
533,1022,Easy,92,No,No
534,458,Hard,92,No,No
535,333,Medium,92,No,No
536,1030,Easy,92,No,No
537,332,Medium,92,No,No
538,460,Hard,93,No,No
539,1033,Easy,93,No,No
540,334,Medium,93,No,No
541,337,Medium,93,No,No
542,1042,Easy,93,No,No
543,1037,Easy,93,No,No
544,1050,Easy,94,No,No
545,1047,Easy,94,No,No
546,1046,Easy,94,No,No
547,338,Medium,94,No,No
548,341,Medium,94,No,No
549,465,Hard,94,No,No
550,1064,Easy,95,No,No
551,1056,Easy,95,No,No
552,1051,Easy,95,No,No
553,343,Medium,95,No,No
554,347,Medium,95,No,No
555,466,Hard,95,No,No
556,348,Medium,96,No,No
557,1065,Easy,96,No,No
558,471,Hard,96,No,No
559,1069,Easy,96,No,No
560,1068,Easy,96,No,No
561,351,Medium,96,No,No
562,1075,Easy,97,No,No
563,1076,Easy,97,No,No
564,353,Medium,97,No,No
565,355,Medium,97,No,No
566,472,Hard,97,No,No
567,1071,Easy,97,No,No
568,1082,Easy,98,No,No
569,1078,Easy,98,No,No
570,357,Medium,98,No,No
571,1083,Easy,98,No,No
572,479,Hard,98,No,No
573,356,Medium,98,No,No
574,1086,Easy,99,No,No
575,480,Hard,99,No,No
576,1084,Easy,99,No,No
577,1085,Easy,99,No,No
578,361,Medium,99,No,No
579,360,Medium,99,No,No
580,1099,Easy,100,No,No
581,364,Medium,100,No,No
582,1089,Easy,100,No,No
583,362,Medium,100,No,No
584,483,Hard,100,No,No
585,1103,Easy,100,No,No
586,365,Medium,101,No,No
587,366,Medium,101,No,No
588,488,Hard,101,No,No
589,1114,Easy,101,No,No
590,1113,Easy,101,No,No
591,1108,Easy,101,No,No
592,369,Medium,102,No,No
593,489,Hard,102,No,No
594,1122,Easy,102,No,No
595,1119,Easy,102,No,No
596,368,Medium,102,No,No
597,1118,Easy,102,No,No
598,1133,Easy,103,No,No
599,370,Medium,103,No,No
600,371,Medium,103,No,No
601,1128,Easy,103,No,No
602,493,Hard,103,No,No
603,1134,Easy,103,No,No
604,1141,Easy,104,No,No
605,372,Medium,104,No,No
606,373,Medium,104,No,No
607,499,Hard,104,No,No
608,1137,Easy,104,No,No
609,1142,Easy,104,No,No
610,502,Hard,105,No,No
611,1148,Easy,105,No,No
612,1150,Easy,105,No,No
613,1154,Easy,105,No,No
614,375,Medium,105,No,No
615,376,Medium,105,No,No
616,1165,Easy,106,No,No
617,377,Medium,106,No,No
618,1160,Easy,106,No,No
619,514,Hard,106,No,No
620,378,Medium,106,No,No
621,1170,Easy,106,No,No
622,380,Medium,107,No,No
623,379,Medium,107,No,No
624,1173,Easy,107,No,No
625,1176,Easy,107,No,No
626,1175,Easy,107,No,No
627,517,Hard,107,No,No
628,1179,Easy,108,No,No
629,1184,Easy,108,No,No
630,1180,Easy,108,No,No
631,527,Hard,108,No,No
632,382,Medium,108,No,No
633,384,Medium,108,No,No
634,1196,Easy,109,No,No
635,386,Medium,109,No,No
636,1185,Easy,109,No,No
637,385,Medium,109,No,No
638,1189,Easy,109,No,No
639,546,Hard,109,No,No
640,1200,Easy,110,No,No
641,1207,Easy,110,No,No
642,388,Medium,110,No,No
643,552,Hard,110,No,No
644,390,Medium,110,No,No
645,1211,Easy,110,No,No
646,394,Medium,111,No,No
647,1221,Easy,111,No,No
648,564,Hard,111,No,No
649,393,Medium,111,No,No
650,1213,Easy,111,No,No
651,1217,Easy,111,No,No
652,1237,Easy,112,No,No
653,1232,Easy,112,No,No
654,1228,Easy,112,No,No
655,395,Medium,112,No,No
656,396,Medium,112,No,No
657,568,Hard,112,No,No
658,397,Medium,113,No,No
659,398,Medium,113,No,No
660,569,Hard,113,No,No
661,1251,Easy,113,No,No
662,1243,Easy,113,No,No
663,1241,Easy,113,No,No
664,1252,Easy,114,No,No
665,571,Hard,114,No,No
666,1260,Easy,114,No,No
667,1266,Easy,114,No,No
668,399,Medium,114,No,No
669,400,Medium,114,No,No
670,1271,Easy,115,No,No
671,1275,Easy,115,No,No
672,1279,Easy,115,No,No
673,579,Hard,115,No,No
674,402,Medium,115,No,No
675,406,Medium,115,No,No
676,413,Medium,116,No,No
677,416,Medium,116,No,No
678,1287,Easy,116,No,No
679,1281,Easy,116,No,No
680,1280,Easy,116,No,No
681,587,Hard,116,No,No
682,1294,Easy,117,No,No
683,1290,Easy,117,No,No
684,588,Hard,117,No,No
685,1295,Easy,117,No,No
686,418,Medium,117,No,No
687,417,Medium,117,No,No
688,421,Medium,118,No,No
689,591,Hard,118,No,No
690,419,Medium,118,No,No
691,1303,Easy,118,No,No
692,1304,Easy,118,No,No
693,1299,Easy,118,No,No
694,423,Medium,119,No,No
695,1317,Easy,119,No,No
696,424,Medium,119,No,No
697,1313,Easy,119,No,No
698,1309,Easy,119,No,No
699,600,Hard,119,No,No
700,427,Medium,120,No,No
701,1327,Easy,120,No,No
702,1322,Easy,120,No,No
703,1323,Easy,120,No,No
704,601,Hard,120,No,No
705,426,Medium,120,No,No
706,1332,Easy,121,No,No
707,430,Medium,121,No,No
708,429,Medium,121,No,No
709,1331,Easy,121,No,No
710,1337,Easy,121,No,No
711,615,Hard,121,No,No
712,433,Medium,122,No,No
713,435,Medium,122,No,No
714,1350,Easy,122,No,No
715,1346,Easy,122,No,No
716,1342,Easy,122,No,No
717,618,Hard,122,No,No
718,436,Medium,123,No,No
719,437,Medium,123,No,No
720,1351,Easy,123,No,No
721,629,Hard,123,No,No
722,1356,Easy,123,No,No
723,1360,Easy,123,No,No
724,630,Hard,124,No,No
725,439,Medium,124,No,No
726,438,Medium,124,No,No
727,1365,Easy,124,No,No
728,1370,Easy,124,No,No
729,1374,Easy,124,No,No
730,1385,Easy,125,No,No
731,631,Hard,125,No,No
732,442,Medium,125,No,No
733,443,Medium,125,No,No
734,1380,Easy,125,No,No
735,1378,Easy,125,No,No
736,632,Hard,126,No,No
737,444,Medium,126,No,No
738,1394,Easy,126,No,No
739,1399,Easy,126,No,No
740,445,Medium,126,No,No
741,1389,Easy,126,No,No
742,1403,Easy,127,No,No
743,1407,Easy,127,No,No
744,1408,Easy,127,No,No
745,450,Medium,127,No,No
746,449,Medium,127,No,No
747,639,Hard,127,No,No
748,642,Hard,128,No,No
749,1417,Easy,128,No,No
750,451,Medium,128,No,No
751,452,Medium,128,No,No
752,1413,Easy,128,No,No
753,1422,Easy,128,No,No
754,454,Medium,129,No,No
755,456,Medium,129,No,No
756,644,Hard,129,No,No
757,1427,Easy,129,No,No
758,1431,Easy,129,No,No
759,1426,Easy,129,No,No
760,1441,Easy,130,No,No
761,457,Medium,130,No,No
762,462,Medium,130,No,No
763,656,Hard,130,No,No
764,1436,Easy,130,No,No
765,1435,Easy,130,No,No
766,1455,Easy,131,No,No
767,660,Hard,131,No,No
768,464,Medium,131,No,No
769,467,Medium,131,No,No
770,1450,Easy,131,No,No
771,1446,Easy,131,No,No
772,468,Medium,132,No,No
773,664,Hard,132,No,No
774,1469,Easy,132,No,No
775,1464,Easy,132,No,No
776,1460,Easy,132,No,No
777,469,Medium,132,No,No
778,473,Medium,133,No,No
779,668,Hard,133,No,No
780,1470,Easy,133,No,No
781,1474,Easy,133,No,No
782,1475,Easy,133,No,No
783,470,Medium,133,No,No
784,675,Hard,134,No,No
785,1484,Easy,134,No,No
786,1480,Easy,134,No,No
787,475,Medium,134,No,No
788,474,Medium,134,No,No
789,1486,Easy,134,No,No
790,679,Hard,135,No,No
791,1495,Easy,135,No,No
792,478,Medium,135,No,No
793,1496,Easy,135,No,No
794,1491,Easy,135,No,No
795,477,Medium,135,No,No
796,683,Hard,136,No,No
797,484,Medium,136,No,No
798,481,Medium,136,No,No
799,1502,Easy,136,No,No
800,1507,Easy,136,No,No
801,1511,Easy,136,No,No
802,1518,Easy,137,No,No
803,685,Hard,137,No,No
804,486,Medium,137,No,No
805,1517,Easy,137,No,No
806,487,Medium,137,No,No
807,1512,Easy,137,No,No
808,491,Medium,138,No,No
809,689,Hard,138,No,No
810,490,Medium,138,No,No
811,1527,Easy,138,No,No
812,1523,Easy,138,No,No
813,1528,Easy,138,No,No
814,691,Hard,139,No,No
815,1543,Easy,139,No,No
816,1539,Easy,139,No,No
817,1534,Easy,139,No,No
818,495,Medium,139,No,No
819,494,Medium,139,No,No
820,699,Hard,140,No,No
821,498,Medium,140,No,No
822,1550,Easy,140,No,No
823,1544,Easy,140,No,No
824,497,Medium,140,No,No
825,1556,Easy,140,No,No
826,1566,Easy,141,No,No
827,710,Hard,141,No,No
828,505,Medium,141,No,No
829,1560,Easy,141,No,No
830,503,Medium,141,No,No
831,1565,Easy,141,No,No
832,508,Medium,142,No,No
833,510,Medium,142,No,No
834,711,Hard,142,No,No
835,1571,Easy,142,No,No
836,1572,Easy,142,No,No
837,1576,Easy,142,No,No
838,715,Hard,143,No,No
839,515,Medium,143,No,No
840,1587,Easy,143,No,No
841,1581,Easy,143,No,No
842,1582,Easy,143,No,No
843,513,Medium,143,No,No
844,1598,Easy,144,No,No
845,1592,Easy,144,No,No
846,719,Hard,144,No,No
847,518,Medium,144,No,No
848,516,Medium,144,No,No
849,1588,Easy,144,No,No
850,1607,Easy,145,No,No
851,1603,Easy,145,No,No
852,1608,Easy,145,No,No
853,522,Medium,145,No,No
854,519,Medium,145,No,No
855,726,Hard,145,No,No
856,523,Medium,146,No,No
857,727,Hard,146,No,No
858,524,Medium,146,No,No
859,730,Hard,147,No,No
860,525,Medium,147,No,No
861,526,Medium,147,No,No
862,529,Medium,148,No,No
863,528,Medium,148,No,No
864,732,Hard,148,No,No
865,736,Hard,149,No,No
866,531,Medium,149,No,No
867,532,Medium,149,No,No
868,534,Medium,150,No,No
869,741,Hard,150,No,No
870,533,Medium,150,No,No
871,745,Hard,151,No,No
872,535,Medium,151,No,No
873,536,Medium,151,No,No
874,537,Medium,152,No,No
875,538,Medium,152,No,No
876,749,Hard,152,No,No
877,539,Medium,153,No,No
878,540,Medium,153,No,No
879,753,Hard,153,No,No
880,544,Medium,154,No,No
881,542,Medium,154,No,No
882,757,Hard,154,No,No
883,547,Medium,155,No,No
884,759,Hard,155,No,No
885,545,Medium,155,No,No
886,761,Hard,156,No,No
887,549,Medium,156,No,No
888,548,Medium,156,No,No
889,553,Medium,157,No,No
890,550,Medium,157,No,No
891,765,Hard,157,No,No
892,555,Medium,158,No,No
893,554,Medium,158,No,No
894,768,Hard,158,No,No
895,558,Medium,159,No,No
896,556,Medium,159,No,No
897,770,Hard,159,No,No
898,772,Hard,160,No,No
899,560,Medium,160,No,No
900,562,Medium,160,No,No
901,773,Hard,161,No,No
902,565,Medium,161,No,No
903,567,Medium,161,No,No
904,774,Hard,162,No,No
905,573,Medium,162,No,No
906,570,Medium,162,No,No
907,778,Hard,163,No,No
908,574,Medium,163,No,No
909,576,Medium,163,No,No
910,780,Hard,164,No,No
911,578,Medium,164,No,No
912,580,Medium,164,No,No
913,782,Hard,165,No,No
914,582,Medium,165,No,No
915,581,Medium,165,No,No
916,583,Medium,166,No,No
917,585,Medium,166,No,No
918,786,Hard,166,No,No
919,592,Medium,167,No,No
920,593,Medium,167,No,No
921,793,Hard,167,No,No
922,602,Medium,168,No,No
923,608,Medium,168,No,No
924,798,Hard,168,No,No
925,609,Medium,169,No,No
926,611,Medium,169,No,No
927,803,Hard,169,No,No
928,614,Medium,170,No,No
929,805,Hard,170,No,No
930,612,Medium,170,No,No
931,616,Medium,171,No,No
932,621,Medium,171,No,No
933,810,Hard,171,No,No
934,622,Medium,172,No,No
935,623,Medium,172,No,No
936,815,Hard,172,No,No
937,624,Medium,173,No,No
938,818,Hard,173,No,No
939,625,Medium,173,No,No
940,626,Medium,174,No,No
941,633,Medium,174,No,No
942,827,Hard,174,No,No
943,828,Hard,175,No,No
944,634,Medium,175,No,No
945,635,Medium,175,No,No
946,636,Medium,176,No,No
947,829,Hard,176,No,No
948,638,Medium,176,No,No
949,834,Hard,177,No,No
950,640,Medium,177,No,No
951,641,Medium,177,No,No
952,839,Hard,178,No,No
953,646,Medium,178,No,No
954,647,Medium,178,No,No
955,649,Medium,179,No,No
956,648,Medium,179,No,No
957,843,Hard,179,No,No
958,651,Medium,180,No,No
959,650,Medium,180,No,No
960,847,Hard,180,No,No
961,654,Medium,181,No,No
962,652,Medium,181,No,No
963,850,Hard,181,No,No
964,658,Medium,182,No,No
965,655,Medium,182,No,No
966,854,Hard,182,No,No
967,662,Medium,183,No,No
968,857,Hard,183,No,No
969,659,Medium,183,No,No
970,666,Medium,184,No,No
971,862,Hard,184,No,No
972,663,Medium,184,No,No
973,864,Hard,185,No,No
974,667,Medium,185,No,No
975,670,Medium,185,No,No
976,672,Medium,186,No,No
977,673,Medium,186,No,No
978,871,Hard,186,No,No
979,676,Medium,187,No,No
980,677,Medium,187,No,No
981,878,Hard,187,No,No
982,681,Medium,188,No,No
983,678,Medium,188,No,No
984,879,Hard,188,No,No
985,686,Medium,189,No,No
986,882,Hard,189,No,No
987,684,Medium,189,No,No
988,688,Medium,190,No,No
989,887,Hard,190,No,No
990,687,Medium,190,No,No
991,692,Medium,191,No,No
992,694,Medium,191,No,No
993,891,Hard,191,No,No
994,895,Hard,192,No,No
995,695,Medium,192,No,No
996,698,Medium,192,No,No
997,702,Medium,193,No,No
998,701,Medium,193,No,No
999,899,Hard,193,No,No
1000,707,Medium,194,No,No
1001,902,Hard,194,No,No
1002,708,Medium,194,No,No
1003,712,Medium,195,No,No
1004,903,Hard,195,No,No
1005,713,Medium,195,No,No
1006,714,Medium,196,No,No
1007,718,Medium,196,No,No
1008,906,Hard,196,No,No
1009,722,Medium,197,No,No
1010,913,Hard,197,No,No
1011,721,Medium,197,No,No
1012,725,Medium,198,No,No
1013,723,Medium,198,No,No
1014,920,Hard,198,No,No
1015,924,Hard,199,No,No
1016,729,Medium,199,No,No
1017,731,Medium,199,No,No
1018,927,Hard,200,No,No
1019,737,Medium,200,No,No
1020,735,Medium,200,No,No
1021,928,Hard,201,No,No
1022,739,Medium,201,No,No
1023,738,Medium,201,No,No
1024,936,Hard,202,No,No
1025,742,Medium,202,No,No
1026,740,Medium,202,No,No
1027,940,Hard,203,No,No
1028,750,Medium,203,No,No
1029,743,Medium,203,No,No
1030,751,Medium,204,No,No
1031,752,Medium,204,No,No
1032,943,Hard,204,No,No
1033,952,Hard,205,No,No
1034,754,Medium,205,No,No
1035,755,Medium,205,No,No
1036,756,Medium,206,No,No
1037,763,Medium,206,No,No
1038,956,Hard,206,No,No
1039,764,Medium,207,No,No
1040,767,Medium,207,No,No
1041,960,Hard,207,No,No
1042,769,Medium,208,No,No
1043,775,Medium,208,No,No
1044,964,Hard,208,No,No
1045,968,Hard,209,No,No
1046,777,Medium,209,No,No
1047,776,Medium,209,No,No
1048,972,Hard,210,No,No
1049,781,Medium,210,No,No
1050,779,Medium,210,No,No
1051,975,Hard,211,No,No
1052,785,Medium,211,No,No
1053,784,Medium,211,No,No
1054,980,Hard,212,No,No
1055,787,Medium,212,No,No
1056,789,Medium,212,No,No
1057,791,Medium,213,No,No
1058,790,Medium,213,No,No
1059,982,Hard,213,No,No
1060,992,Hard,214,No,No
1061,794,Medium,214,No,No
1062,792,Medium,214,No,No
1063,797,Medium,215,No,No
1064,995,Hard,215,No,No
1065,795,Medium,215,No,No
1066,996,Hard,216,No,No
1067,801,Medium,216,No,No
1068,799,Medium,216,No,No
1069,1000,Hard,217,No,No
1070,807,Medium,217,No,No
1071,802,Medium,217,No,No
1072,1001,Hard,218,No,No
1073,809,Medium,218,No,No
1074,808,Medium,218,No,No
1075,1012,Hard,219,No,No
1076,814,Medium,219,No,No
1077,813,Medium,219,No,No
1078,1028,Hard,220,No,No
1079,817,Medium,220,No,No
1080,816,Medium,220,No,No
1081,822,Medium,221,No,No
1082,820,Medium,221,No,No
1083,1032,Hard,221,No,No
1084,1036,Hard,222,No,No
1085,823,Medium,222,No,No
1086,825,Medium,222,No,No
1087,826,Medium,223,No,No
1088,831,Medium,223,No,No
1089,1044,Hard,223,No,No
1090,1063,Hard,224,No,No
1091,833,Medium,224,No,No
1092,835,Medium,224,No,No
1093,837,Medium,225,No,No
1094,838,Medium,225,No,No
1095,1067,Hard,225,No,No
1096,841,Medium,226,No,No
1097,840,Medium,226,No,No
1098,1074,Hard,226,No,No
1099,845,Medium,227,No,No
1100,842,Medium,227,No,No
1101,1088,Hard,227,No,No
1102,848,Medium,228,No,No
1103,846,Medium,228,No,No
1104,1092,Hard,228,No,No
1105,1095,Hard,229,No,No
1106,849,Medium,229,No,No
1107,851,Medium,229,No,No
1108,1096,Hard,230,No,No
1109,855,Medium,230,No,No
1110,853,Medium,230,No,No
1111,856,Medium,231,No,No
1112,1097,Hard,231,No,No
1113,858,Medium,231,No,No
1114,1106,Hard,232,No,No
1115,863,Medium,232,No,No
1116,861,Medium,232,No,No
1117,865,Medium,233,No,No
1118,866,Medium,233,No,No
1119,1121,Hard,233,No,No
1120,869,Medium,234,No,No
1121,870,Medium,234,No,No
1122,1125,Hard,234,No,No
1123,875,Medium,235,No,No
1124,1127,Hard,235,No,No
1125,873,Medium,235,No,No
1126,1136,Hard,236,No,No
1127,877,Medium,236,No,No
1128,880,Medium,236,No,No
1129,1147,Hard,237,No,No
1130,881,Medium,237,No,No
1131,885,Medium,237,No,No
1132,1153,Hard,238,No,No
1133,886,Medium,238,No,No
1134,889,Medium,238,No,No
1135,890,Medium,239,No,No
1136,1157,Hard,239,No,No
1137,894,Medium,239,No,No
1138,900,Medium,240,No,No
1139,898,Medium,240,No,No
1140,1159,Hard,240,No,No
1141,904,Medium,241,No,No
1142,901,Medium,241,No,No
1143,1163,Hard,241,No,No
1144,907,Medium,242,No,No
1145,909,Medium,242,No,No
1146,1168,Hard,242,No,No
1147,910,Medium,243,No,No
1148,911,Medium,243,No,No
1149,1172,Hard,243,No,No
1150,1178,Hard,244,No,No
1151,912,Medium,244,No,No
1152,915,Medium,244,No,No
1153,918,Medium,245,No,No
1154,916,Medium,245,No,No
1155,1183,Hard,245,No,No
1156,921,Medium,246,No,No
1157,919,Medium,246,No,No
1158,1187,Hard,246,No,No
1159,1192,Hard,247,No,No
1160,923,Medium,247,No,No
1161,926,Medium,247,No,No
1162,1194,Hard,248,No,No
1163,931,Medium,248,No,No
1164,930,Medium,248,No,No
1165,1199,Hard,249,No,No
1166,932,Medium,249,No,No
1167,934,Medium,249,No,No
1168,1203,Hard,250,No,No
1169,939,Medium,250,No,No
1170,935,Medium,250,No,No
1171,1206,Hard,251,No,No
1172,946,Medium,251,No,No
1173,945,Medium,251,No,No
1174,948,Medium,252,No,No
1175,947,Medium,252,No,No
1176,1210,Hard,252,No,No
1177,950,Medium,253,No,No
1178,949,Medium,253,No,No
1179,1216,Hard,253,No,No
1180,954,Medium,254,No,No
1181,951,Medium,254,No,No
1182,1220,Hard,254,No,No
1183,955,Medium,255,No,No
1184,957,Medium,255,No,No
1185,1224,Hard,255,No,No
1186,1225,Hard,256,No,No
1187,958,Medium,256,No,No
1188,959,Medium,256,No,No
1189,1231,Hard,257,No,No
1190,963,Medium,257,No,No
1191,962,Medium,257,No,No
1192,967,Medium,258,No,No
1193,966,Medium,258,No,No
1194,1235,Hard,258,No,No
1195,1240,Hard,259,No,No
1196,969,Medium,259,No,No
1197,971,Medium,259,No,No
1198,973,Medium,260,No,No
1199,974,Medium,260,No,No
1200,1246,Hard,260,No,No
1201,978,Medium,261,No,No
1202,979,Medium,261,No,No
1203,1250,Hard,261,No,No
1204,981,Medium,262,No,No
1205,983,Medium,262,No,No
1206,1255,Hard,262,No,No
1207,986,Medium,263,No,No
1208,1259,Hard,263,No,No
1209,984,Medium,263,No,No
1210,1263,Hard,264,No,No
1211,987,Medium,264,No,No
1212,988,Medium,264,No,No
1213,990,Medium,265,No,No
1214,991,Medium,265,No,No
1215,1269,Hard,265,No,No
1216,1274,Hard,266,No,No
1217,994,Medium,266,No,No
1218,998,Medium,266,No,No
1219,1003,Medium,267,No,No
1220,1278,Hard,267,No,No
1221,1004,Medium,267,No,No
1222,1284,Hard,268,No,No
1223,1007,Medium,268,No,No
1224,1006,Medium,268,No,No
1225,1008,Medium,269,No,No
1226,1289,Hard,269,No,No
1227,1011,Medium,269,No,No
1228,1014,Medium,270,No,No
1229,1293,Hard,270,No,No
1230,1015,Medium,270,No,No
1231,1017,Medium,271,No,No
1232,1016,Medium,271,No,No
1233,1298,Hard,271,No,No
1234,1301,Hard,272,No,No
1235,1020,Medium,272,No,No
1236,1019,Medium,272,No,No
1237,1307,Hard,273,No,No
1238,1024,Medium,273,No,No
1239,1023,Medium,273,No,No
1240,1027,Medium,274,No,No
1241,1026,Medium,274,No,No
1242,1312,Hard,274,No,No
1243,1031,Medium,275,No,No
1244,1029,Medium,275,No,No
1245,1316,Hard,275,No,No
1246,1035,Medium,276,No,No
1247,1320,Hard,276,No,No
1248,1034,Medium,276,No,No
1249,1038,Medium,277,No,No
1250,1039,Medium,277,No,No
1251,1326,Hard,277,No,No
1252,1330,Hard,278,No,No
1253,1041,Medium,278,No,No
1254,1040,Medium,278,No,No
1255,1043,Medium,279,No,No
1256,1045,Medium,279,No,No
1257,1335,Hard,279,No,No
1258,1048,Medium,280,No,No
1259,1049,Medium,280,No,No
1260,1336,Hard,280,No,No
1261,1053,Medium,281,No,No
1262,1340,Hard,281,No,No
1263,1052,Medium,281,No,No
1264,1345,Hard,282,No,No
1265,1054,Medium,282,No,No
1266,1055,Medium,282,No,No
1267,1349,Hard,283,No,No
1268,1057,Medium,283,No,No
1269,1058,Medium,283,No,No
1270,1354,Hard,284,No,No
1271,1059,Medium,284,No,No
1272,1060,Medium,284,No,No
1273,1062,Medium,285,No,No
1274,1359,Hard,285,No,No
1275,1061,Medium,285,No,No
1276,1363,Hard,286,No,No
1277,1066,Medium,286,No,No
1278,1070,Medium,286,No,No
1279,1072,Medium,287,No,No
1280,1073,Medium,287,No,No
1281,1368,Hard,287,No,No
1282,1077,Medium,288,No,No
1283,1079,Medium,288,No,No
1284,1369,Hard,288,No,No
1285,1080,Medium,289,No,No
1286,1081,Medium,289,No,No
1287,1373,Hard,289,No,No
1288,1087,Medium,290,No,No
1289,1090,Medium,290,No,No
1290,1377,Hard,290,No,No
1291,1091,Medium,291,No,No
1292,1093,Medium,291,No,No
1293,1383,Hard,291,No,No
1294,1098,Medium,292,No,No
1295,1094,Medium,292,No,No
1296,1384,Hard,292,No,No
1297,1101,Medium,293,No,No
1298,1100,Medium,293,No,No
1299,1388,Hard,293,No,No
1300,1392,Hard,294,No,No
1301,1102,Medium,294,No,No
1302,1104,Medium,294,No,No
1303,1397,Hard,295,No,No
1304,1107,Medium,295,No,No
1305,1105,Medium,295,No,No
1306,1402,Hard,296,No,No
1307,1110,Medium,296,No,No
1308,1109,Medium,296,No,No
1309,1406,Hard,297,No,No
1310,1111,Medium,297,No,No
1311,1112,Medium,297,No,No
1312,1411,Hard,298,No,No
1313,1115,Medium,298,No,No
1314,1116,Medium,298,No,No
1315,1117,Medium,299,No,No
1316,1120,Medium,299,No,No
1317,1412,Hard,299,No,No
1318,1123,Medium,300,No,No
1319,1124,Medium,300,No,No
1320,1416,Hard,300,No,No
1321,1129,Medium,301,No,No
1322,1126,Medium,301,No,No
1323,1420,Hard,301,No,No
1324,1425,Hard,302,No,No
1325,1131,Medium,302,No,No
1326,1130,Medium,302,No,No
1327,1434,Hard,303,No,No
1328,1135,Medium,303,No,No
1329,1132,Medium,303,No,No
1330,1439,Hard,304,No,No
1331,1139,Medium,304,No,No
1332,1138,Medium,304,No,No
1333,1143,Medium,305,No,No
1334,1140,Medium,305,No,No
1335,1444,Hard,305,No,No
1336,1144,Medium,306,No,No
1337,1449,Hard,306,No,No
1338,1145,Medium,306,No,No
1339,1146,Medium,307,No,No
1340,1149,Medium,307,No,No
1341,1453,Hard,307,No,No
1342,1151,Medium,308,No,No
1343,1458,Hard,308,No,No
1344,1152,Medium,308,No,No
1345,1463,Hard,309,No,No
1346,1155,Medium,309,No,No
1347,1156,Medium,309,No,No
1348,1467,Hard,310,No,No
1349,1158,Medium,310,No,No
1350,1161,Medium,310,No,No
1351,1473,Hard,311,No,No
1352,1162,Medium,311,No,No
1353,1164,Medium,311,No,No
1354,1166,Medium,312,No,No
1355,1478,Hard,312,No,No
1356,1167,Medium,312,No,No
1357,1171,Medium,313,No,No
1358,1169,Medium,313,No,No
1359,1479,Hard,313,No,No
1360,1174,Medium,314,No,No
1361,1483,Hard,314,No,No
1362,1177,Medium,314,No,No
1363,1489,Hard,315,No,No
1364,1182,Medium,315,No,No
1365,1181,Medium,315,No,No
1366,1186,Medium,316,No,No
1367,1494,Hard,316,No,No
1368,1188,Medium,316,No,No
1369,1191,Medium,317,No,No
1370,1190,Medium,317,No,No
1371,1499,Hard,317,No,No
1372,1505,Hard,318,No,No
1373,1193,Medium,318,No,No
1374,1195,Medium,318,No,No
1375,1510,Hard,319,No,No
1376,1197,Medium,319,No,No
1377,1198,Medium,319,No,No
1378,1201,Medium,320,No,No
1379,1202,Medium,320,No,No
1380,1515,Hard,320,No,No
1381,1205,Medium,321,No,No
1382,1204,Medium,321,No,No
1383,1516,Hard,321,No,No
1384,1208,Medium,322,No,No
1385,1209,Medium,322,No,No
1386,1520,Hard,322,No,No
1387,1214,Medium,323,No,No
1388,1212,Medium,323,No,No
1389,1521,Hard,323,No,No
1390,1215,Medium,324,No,No
1391,1218,Medium,324,No,No
1392,1526,Hard,324,No,No
1393,1222,Medium,325,No,No
1394,1219,Medium,325,No,No
1395,1531,Hard,325,No,No
1396,1226,Medium,326,No,No
1397,1223,Medium,326,No,No
1398,1537,Hard,326,No,No
1399,1227,Medium,327,No,No
1400,1542,Hard,327,No,No
1401,1229,Medium,327,No,No
1402,1547,Hard,328,No,No
1403,1233,Medium,328,No,No
1404,1230,Medium,328,No,No
1405,1234,Medium,329,No,No
1406,1236,Medium,329,No,No
1407,1548,Hard,329,No,No
1408,1239,Medium,330,No,No
1409,1238,Medium,330,No,No
1410,1553,Hard,330,No,No
1411,1244,Medium,331,No,No
1412,1242,Medium,331,No,No
1413,1559,Hard,331,No,No
1414,1247,Medium,332,No,No
1415,1245,Medium,332,No,No
1416,1563,Hard,332,No,No
1417,1248,Medium,333,No,No
1418,1249,Medium,333,No,No
1419,1568,Hard,333,No,No
1420,1569,Hard,334,No,No
1421,1253,Medium,334,No,No
1422,1254,Medium,334,No,No
1423,1257,Medium,335,No,No
1424,1256,Medium,335,No,No
1425,1575,Hard,335,No,No
1426,1579,Hard,336,No,No
1427,1261,Medium,336,No,No
1428,1258,Medium,336,No,No
1429,1585,Hard,337,No,No
1430,1262,Medium,337,No,No
1431,1264,Medium,337,No,No
1432,1591,Hard,338,No,No
1433,1265,Medium,338,No,No
1434,1267,Medium,338,No,No
1435,1268,Medium,339,No,No
1436,1270,Medium,339,No,No
1437,1595,Hard,339,No,No
1438,1273,Medium,340,No,No
1439,1597,Hard,340,No,No
1440,1272,Medium,340,No,No
1441,1276,Medium,341,No,No
1442,1277,Medium,341,No,No
1443,1601,Hard,341,No,No
1444,1283,Medium,342,No,No
1445,1282,Medium,342,No,No
1446,1606,Hard,342,No,No
1447,1286,Medium,343,No,No
1448,1610,Hard,343,No,No
1449,1285,Medium,343,No,No
1450,1291,Medium,344,No,No
1451,1288,Medium,344,No,No
1452,1611,Hard,344,No,No
1453,1617,Hard,345,No,No
1454,1292,Medium,345,No,No
1455,1296,Medium,345,No,No
1456,1297,Medium,346,No,No
1457,1300,Medium,346,No,No
1458,1302,Medium,347,No,No
1459,1305,Medium,347,No,No
1460,1306,Medium,348,No,No
1461,1308,Medium,348,No,No
1462,1311,Medium,349,No,No
1463,1310,Medium,349,No,No
1464,1314,Medium,350,No,No
1465,1315,Medium,350,No,No
1466,1318,Medium,351,No,No
1467,1319,Medium,351,No,No
1468,1321,Medium,352,No,No
1469,1324,Medium,352,No,No
1470,1328,Medium,353,No,No
1471,1325,Medium,353,No,No
1472,1333,Medium,354,No,No
1473,1329,Medium,354,No,No
1474,1334,Medium,355,No,No
1475,1338,Medium,355,No,No
1476,1339,Medium,356,No,No
1477,1341,Medium,356,No,No
1478,1343,Medium,357,No,No
1479,1344,Medium,357,No,No
1480,1347,Medium,358,No,No
1481,1348,Medium,358,No,No
1482,1353,Medium,359,No,No
1483,1352,Medium,359,No,No
1484,1355,Medium,360,No,No
1485,1357,Medium,360,No,No
1486,1358,Medium,361,No,No
1487,1361,Medium,361,No,No
1488,1362,Medium,362,No,No
1489,1364,Medium,362,No,No
1490,1366,Medium,363,No,No
1491,1367,Medium,363,No,No
1492,1372,Medium,364,No,No
1493,1371,Medium,364,No,No
1494,1375,Medium,365,No,No
1495,1376,Medium,365,No,No
1496,1379,Medium,366,No,No
1497,1381,Medium,366,No,No
1498,1382,Medium,367,No,No
1499,1386,Medium,367,No,No
1500,1387,Medium,368,No,No
1501,1390,Medium,368,No,No
1502,1393,Medium,369,No,No
1503,1391,Medium,369,No,No
1504,1395,Medium,370,No,No
1505,1396,Medium,370,No,No
1506,1398,Medium,371,No,No
1507,1400,Medium,371,No,No
1508,1401,Medium,372,No,No
1509,1404,Medium,372,No,No
1510,1405,Medium,373,No,No
1511,1409,Medium,373,No,No
1512,1414,Medium,374,No,No
1513,1410,Medium,374,No,No
1514,1415,Medium,375,No,No
1515,1418,Medium,375,No,No
1516,1419,Medium,376,No,No
1517,1421,Medium,376,No,No
1518,1423,Medium,377,No,No
1519,1424,Medium,377,No,No
1520,1428,Medium,378,No,No
1521,1429,Medium,378,No,No
1522,1432,Medium,379,No,No
1523,1430,Medium,379,No,No
1524,1433,Medium,380,No,No
1525,1437,Medium,380,No,No
1526,1438,Medium,381,No,No
1527,1440,Medium,381,No,No
1528,1442,Medium,382,No,No
1529,1443,Medium,382,No,No
1530,1445,Medium,383,No,No
1531,1447,Medium,383,No,No
1532,1448,Medium,384,No,No
1533,1451,Medium,384,No,No
1534,1454,Medium,385,No,No
1535,1452,Medium,385,No,No
1536,1456,Medium,386,No,No
1537,1457,Medium,386,No,No
1538,1459,Medium,387,No,No
1539,1461,Medium,387,No,No
1540,1462,Medium,388,No,No
1541,1465,Medium,388,No,No
1542,1466,Medium,389,No,No
1543,1468,Medium,389,No,No
1544,1472,Medium,390,No,No
1545,1471,Medium,390,No,No
1546,1476,Medium,391,No,No
1547,1477,Medium,391,No,No
1548,1481,Medium,392,No,No
1549,1482,Medium,392,No,No
1550,1485,Medium,393,No,No
1551,1487,Medium,393,No,No
1552,1488,Medium,394,No,No
1553,1490,Medium,394,No,No
1554,1493,Medium,395,No,No
1555,1492,Medium,395,No,No
1556,1497,Medium,396,No,No
1557,1498,Medium,396,No,No
1558,1500,Medium,397,No,No
1559,1501,Medium,397,No,No
1560,1503,Medium,398,No,No
1561,1504,Medium,398,No,No
1562,1506,Medium,399,No,No
1563,1508,Medium,399,No,No
1564,1513,Medium,400,No,No
1565,1509,Medium,400,No,No
1566,1514,Medium,401,No,No
1567,1519,Medium,401,No,No
1568,1522,Medium,402,No,No
1569,1524,Medium,402,No,No
1570,1525,Medium,403,No,No
1571,1529,Medium,403,No,No
1572,1530,Medium,404,No,No
1573,1532,Medium,404,No,No
1574,1535,Medium,405,No,No
1575,1533,Medium,405,No,No
1576,1538,Medium,406,No,No
1577,1536,Medium,406,No,No
1578,1540,Medium,407,No,No
1579,1541,Medium,407,No,No
1580,1545,Medium,408,No,No
1581,1546,Medium,408,No,No
1582,1549,Medium,409,No,No
1583,1551,Medium,409,No,No
1584,1552,Medium,410,No,No
1585,1554,Medium,410,No,No
1586,1557,Medium,411,No,No
1587,1555,Medium,411,No,No
1588,1558,Medium,412,No,No
1589,1561,Medium,412,No,No
1590,1562,Medium,413,No,No
1591,1564,Medium,413,No,No
1592,1567,Medium,414,No,No
1593,1570,Medium,414,No,No
1594,1574,Medium,415,No,No
1595,1573,Medium,415,No,No
1596,1578,Medium,416,No,No
1597,1577,Medium,416,No,No
1598,1580,Medium,417,No,No
1599,1583,Medium,417,No,No
1600,1584,Medium,418,No,No
1601,1586,Medium,418,No,No
1602,1589,Medium,419,No,No
1603,1590,Medium,419,No,No
1604,1593,Medium,420,No,No
1605,1594,Medium,420,No,No
1606,1599,Medium,421,No,No
1607,1596,Medium,421,No,No
1608,1600,Medium,422,No,No
1609,1602,Medium,422,No,No
1610,1604,Medium,423,No,No
1611,1605,Medium,423,No,No
1612,1609,Medium,424,No,No
1613,1612,Medium,424,No,No
1614,1613,Medium,425,No,No
1615,1615,Medium,425,No,No
1616,1618,Medium,426,No,No
1617,1616,Medium,426,No,No